tree_id,biome,diameter_cm,height_m
1,Tropical Rainforest,33.37440507862503,7.7473101441764936
2,Tropical Rainforest,32.2083964346946,7.356881366838138
3,Tropical Rainforest,25.106097480521022,7.8603334654016965
4,Tropical Rainforest,36.39874960125575,7.429974436471728
5,Tropical Rainforest,28.89383555549753,7.486389882717708
6,Tropical Rainforest,18.160476975353593,6.646410330699306
7,Tropical Rainforest,27.912169441549644,7.084998508555112
8,Tropical Rainforest,17.538370658194214,6.425139652244394
9,Tropical Rainforest,33.36333709987798,7.653197818646308
10,Tropical Rainforest,24.10757077375509,6.374944640339119
11,Tropical Rainforest,22.995491449039967,7.327029386053451
12,Tropical Rainforest,19.330316361976724,6.7367016871618
13,Tropical Rainforest,37.63330646496453,7.816047747909156
14,Tropical Rainforest,23.240923791910856,7.317637389740084
15,Tropical Rainforest,21.11714484091872,7.7952199054616305
16,Tropical Rainforest,21.687873020010926,7.266231654461839
17,Tropical Rainforest,29.556633865283384,6.299938291719001
18,Tropical Rainforest,27.87988392562834,7.01755691681961
19,Tropical Rainforest,28.34516344574385,6.474927413059815
20,Tropical Rainforest,28.525184138158618,6.805576993527715
21,Tropical Rainforest,51.913385185638916,8.178407614132514
22,Tropical Rainforest,21.27972505974865,7.208250088431361
23,Tropical Rainforest,20.505949116004377,6.517868198992763
24,Tropical Rainforest,18.452125094238863,6.297364417366536
25,Tropical Rainforest,30.434985876810014,7.1198616698645925
26,Tropical Rainforest,36.42080955832427,6.602560099141574
27,Tropical Rainforest,23.573386612887195,6.615126585673515
28,Tropical Rainforest,18.282516726669577,6.954705710417985
29,Tropical Rainforest,18.38309651113812,7.379637829239721
30,Tropical Rainforest,30.805938373779355,7.41509594651273
31,Tropical Rainforest,31.821398106422052,5.984464509415541
32,Tropical Rainforest,29.66903750906517,7.240411662897173
33,Tropical Rainforest,19.43492300149615,6.8712713787277755
34,Tropical Rainforest,26.609185163284696,7.230082531130152
35,Tropical Rainforest,25.555179932852102,7.807073172086249
36,Tropical Rainforest,26.48400613879474,5.988698404671638
37,Tropical Rainforest,33.281446258048724,6.8613845319613
38,Tropical Rainforest,26.529529731305168,7.316797730898669
39,Tropical Rainforest,31.11281359633588,6.325845556809939
40,Tropical Rainforest,25.11970691966412,7.726664801019683
41,Tropical Rainforest,27.144970742702625,7.219237035864449
42,Tropical Rainforest,30.59849666153547,7.529966753129123
43,Tropical Rainforest,14.731609083724734,6.384091009801246
44,Tropical Rainforest,21.935691833281226,7.314520529438324
45,Tropical Rainforest,20.80866675832954,7.410332609573622
46,Tropical Rainforest,19.616925766814813,6.957267657685669
47,Tropical Rainforest,22.280240558716606,7.034159055591727
48,Tropical Rainforest,41.397871188106116,7.422609210838788
49,Tropical Rainforest,18.11896372676577,6.361654633245169
50,Tropical Rainforest,34.42893773921644,7.103442547765935
51,Tropical Rainforest,13.61259653577354,6.54605958145231
52,Tropical Rainforest,21.819198328290344,7.096151361207945
53,Tropical Rainforest,25.970559584529802,7.508522344202299
54,Tropical Rainforest,30.11965100290884,6.567974414969042
55,Tropical Rainforest,31.466682980380273,7.060901364764386
56,Tropical Rainforest,32.384228588289425,7.881321529771466
57,Tropical Rainforest,21.71376138406723,6.52976358992986
58,Tropical Rainforest,20.8671650339193,6.46665059150366
59,Tropical Rainforest,33.12510845585363,7.255273645453216
60,Tropical Rainforest,22.94370223181446,7.356698505787809
61,Tropical Rainforest,15.697630648098537,6.713257484437706
62,Tropical Rainforest,16.4998200551533,7.401828925066571
63,Tropical Rainforest,17.782088735966504,7.210501331038347
64,Tropical Rainforest,29.195256878689527,7.499511874408574
65,Tropical Rainforest,25.7864460664874,7.28141395578843
66,Tropical Rainforest,31.239079962815886,8.282891285783975
67,Tropical Rainforest,21.1250929615904,6.7825410168047595
68,Tropical Rainforest,25.932289521092454,6.005967214357862
69,Tropical Rainforest,30.537536684864587,7.907609383170548
70,Tropical Rainforest,22.015102851903002,6.680949926668657
71,Tropical Rainforest,28.785486902891567,7.124089365392516
72,Tropical Rainforest,19.459315873712793,7.490780017808816
73,Tropical Rainforest,21.6051379336378,6.09742891735679
74,Tropical Rainforest,21.464313891343114,6.268824504508608
75,Tropical Rainforest,16.14250933884819,5.92361741995941
76,Tropical Rainforest,29.091335138524943,6.679401289615029
77,Tropical Rainforest,20.815734788341118,7.0961182215965355
78,Tropical Rainforest,24.64004442323417,7.239254902883622
79,Tropical Rainforest,29.02801303941472,7.213303458040947
80,Tropical Rainforest,28.682463599616483,6.361622116347826
81,Tropical Rainforest,30.965843923882705,5.95875952901483
82,Tropical Rainforest,23.7013043009396,6.981109712346945
83,Tropical Rainforest,21.15435069135256,6.650061487685871
84,Tropical Rainforest,23.857499829979254,7.187553801095118
85,Tropical Rainforest,13.59134167036648,6.972363205719092
86,Tropical Rainforest,14.783484339415548,6.740785632002588
87,Tropical Rainforest,15.441445113888676,7.077771104877841
88,Tropical Rainforest,17.304448554715304,6.880427607617929
89,Tropical Rainforest,28.216896899865798,7.323251168599875
90,Tropical Rainforest,17.86926737097718,6.432692309379944
91,Tropical Rainforest,21.491190480802565,6.805590724293801
92,Tropical Rainforest,38.65707859138747,7.344862851375897
93,Tropical Rainforest,21.65654265887304,7.3102440484264175
94,Tropical Rainforest,31.75754862229413,6.932037586453445
95,Tropical Rainforest,17.694145320274817,7.039723146715236
96,Tropical Rainforest,22.830488434916415,6.798628424992458
97,Tropical Rainforest,17.59284492057686,6.716934994955671
98,Tropical Rainforest,21.787543849319643,7.318345762879527
99,Tropical Rainforest,32.92090440057907,6.153892500319133
100,Tropical Rainforest,13.402454366751435,5.964781149902598
101,Tropical Rainforest,28.561174918868286,6.324378249656081
102,Tropical Rainforest,26.66115029892775,5.857496026720369
103,Tropical Rainforest,19.92644044684955,6.511057987890141
104,Tropical Rainforest,14.788942171860741,7.046602597685098
105,Tropical Rainforest,25.159745781313518,6.847200651787792
106,Tropical Rainforest,20.382517575281707,6.962618028642758
107,Tropical Rainforest,26.613980860617865,7.5678539030610885
108,Tropical Rainforest,24.72088050113754,7.642962685222282
109,Tropical Rainforest,42.9751745086535,7.275229759062853
110,Tropical Rainforest,22.561062685731454,7.601241704332438
111,Tropical Rainforest,17.14618804679906,6.806390978287303
112,Tropical Rainforest,26.121179810272203,6.5933692872989
113,Tropical Rainforest,26.496134101557235,6.723391149998382
114,Tropical Rainforest,39.476898445470745,6.51875604021323
115,Tropical Rainforest,32.86107859662936,6.7052680481340055
116,Tropical Rainforest,27.796354269233504,6.870230826855584
117,Tropical Rainforest,40.94198284155602,7.682608170778186
118,Tropical Rainforest,16.18254077266073,7.58612243662213
119,Tropical Rainforest,19.61092803244685,6.1495550275183675
120,Tropical Rainforest,17.737808245341885,6.977027090827624
121,Tropical Rainforest,21.403759173102078,6.372686689151131
122,Tropical Rainforest,15.152413835735402,6.923753709587898
123,Tropical Rainforest,30.639892346936755,7.041939903438187
124,Tropical Rainforest,22.696757117345605,6.012581773716672
125,Tropical Rainforest,14.66139423912052,7.130854288206017
126,Tropical Rainforest,17.19377365666673,6.459484618377333
127,Tropical Rainforest,27.37772828658716,6.773214375237945
128,Tropical Rainforest,32.895777259646344,6.615089877085043
129,Tropical Rainforest,49.34595574631674,7.065320651612031
130,Tropical Rainforest,68.02340676658031,7.798363403899212
131,Tropical Rainforest,28.361803752867296,6.966659798133039
132,Tropical Rainforest,17.351199821674555,6.931766356340063
133,Tropical Rainforest,11.63227778656077,6.709269006350726
134,Tropical Rainforest,26.94233959376375,7.690908870246533
135,Tropical Rainforest,18.457496764219695,6.633004086159687
136,Tropical Rainforest,21.213228203191083,6.149182660446136
137,Tropical Rainforest,19.80166688620629,7.380045136946093
138,Tropical Rainforest,23.35294708764466,6.779334301217142
139,Tropical Rainforest,35.626618914690155,7.754952140037535
140,Tropical Rainforest,25.918759164698393,7.199104824391566
141,Tropical Rainforest,23.207553487419823,6.875774878335718
142,Tropical Rainforest,17.073391287285762,6.932171287451558
143,Tropical Rainforest,13.651657862081962,7.599540632891295
144,Tropical Rainforest,20.692932809827226,7.911251842848168
145,Tropical Rainforest,24.075051749975895,6.997979823673401
146,Tropical Rainforest,45.5483987655855,7.424669478256639
147,Tropical Rainforest,25.677011116806355,7.539932531264533
148,Tropical Rainforest,34.60363827035883,6.757403095565805
149,Tropical Rainforest,20.59908259357332,7.0365784376128175
150,Tropical Rainforest,16.204187261207966,6.713605475083199
151,Tropical Rainforest,17.500144415656905,6.929500857907608
152,Tropical Rainforest,19.032934578111718,6.40607153895542
153,Tropical Rainforest,51.67449879546842,6.625251519310858
154,Tropical Rainforest,18.403017804329718,5.766137780533956
155,Tropical Rainforest,32.89995274038133,6.591349926017671
156,Tropical Rainforest,17.885234562571984,6.556225406968246
157,Tropical Rainforest,33.98946264947025,7.02292865633106
158,Tropical Rainforest,28.07088275259497,8.02373188444369
159,Tropical Rainforest,23.223779584322592,7.494758288358828
160,Tropical Rainforest,24.185012324138643,6.484968792723726
161,Tropical Rainforest,19.507993538013277,7.011352938401346
162,Tropical Rainforest,28.677856387413403,6.86436987661832
163,Tropical Rainforest,20.921049011249284,6.7371358709475695
164,Tropical Rainforest,15.975207395471639,6.810689156412657
165,Tropical Rainforest,15.685266762482494,7.016658827688439
166,Tropical Rainforest,26.060109439357277,6.84103941619338
167,Tropical Rainforest,42.63527403945957,7.836975964495982
168,Tropical Rainforest,25.945470956124183,6.43706313510232
169,Tropical Rainforest,23.534715487303274,6.952884455480586
170,Tropical Rainforest,27.113700370364498,8.333206312769045
171,Tropical Rainforest,38.74883185228147,7.359432358056641
172,Tropical Rainforest,26.490439001040002,7.737070030810171
173,Tropical Rainforest,21.246145043758073,6.934298864329885
174,Tropical Rainforest,36.132800304962956,7.496481041336858
175,Tropical Rainforest,28.5045793541922,7.035893203580732
176,Tropical Rainforest,41.99348961907581,7.210776324651453
177,Tropical Rainforest,26.157397901057756,6.623155779265213
178,Tropical Rainforest,15.981564495563635,6.933414929517298
179,Tropical Rainforest,15.197702730276923,6.262421263416523
180,Tropical Rainforest,43.7208356271477,7.652878252515524
181,Tropical Rainforest,44.84817974449421,7.877953175957053
182,Tropical Rainforest,23.038535613158178,7.120238241299358
183,Tropical Rainforest,21.453427817160698,6.751220379280775
184,Tropical Rainforest,40.91535834763576,7.507409445460319
185,Tropical Rainforest,16.652061311978414,6.588504462012937
186,Tropical Rainforest,17.93663991472661,7.255052907757446
187,Tropical Rainforest,30.727695397843632,6.193491393908686
188,Tropical Rainforest,21.36786604851949,6.724151312922791
189,Tropical Rainforest,24.488591270017185,5.978067953261297
190,Tropical Rainforest,23.168532159157888,6.192806899717487
191,Tropical Rainforest,27.60925636607265,7.727131520816231
192,Tropical Rainforest,40.14984787462947,7.71672479498933
193,Tropical Rainforest,25.322788395462005,6.633765288519905
194,Tropical Rainforest,30.734277959975827,6.358070799470451
195,Tropical Rainforest,11.97043386134167,5.063179949049298
196,Tropical Rainforest,24.11776146555087,6.692601429911542
197,Tropical Rainforest,18.2628584657244,8.008265134967075
198,Tropical Rainforest,16.013232774848763,6.9368901821359366
199,Tropical Rainforest,18.04099505864784,6.510962281279481
200,Tropical Rainforest,21.825015147189273,7.137153934630522
201,Tropical Rainforest,33.80355213858346,6.385765439320156
202,Tropical Rainforest,15.421498598531262,6.548269912856778
203,Tropical Rainforest,24.796958943547676,7.030695875380156
204,Tropical Rainforest,20.708426574565276,6.830158835977896
205,Tropical Rainforest,21.87434342581446,7.301366950008235
206,Tropical Rainforest,34.84693687712893,7.356746063814541
207,Tropical Rainforest,29.616759574853223,7.421336678643181
208,Tropical Rainforest,39.17698032134224,6.910277613709762
209,Tropical Rainforest,23.241117412542426,7.391115581516345
210,Tropical Rainforest,19.22901018650399,7.643353450571696
211,Tropical Rainforest,22.683763723326493,6.442617486489344
212,Tropical Rainforest,26.705615908608426,6.581452776956444
213,Tropical Rainforest,26.096486162051846,7.679394980149139
214,Tropical Rainforest,16.784639869709384,6.651911240473877
215,Tropical Rainforest,25.321945316483298,7.6953961914493
216,Tropical Rainforest,26.572581554396532,6.801046355983996
217,Tropical Rainforest,59.21150789618305,8.228976763355835
218,Tropical Rainforest,47.31822907449181,7.4331129665234315
219,Tropical Rainforest,18.19896687395817,6.925076300020012
220,Tropical Rainforest,22.184987545941624,7.696755552282081
221,Tropical Rainforest,14.699232761936623,6.48736190220292
222,Tropical Rainforest,19.950466870912084,6.380349768667654
223,Tropical Rainforest,27.397773507901075,6.816320069972313
224,Tropical Rainforest,37.41414222525763,7.453098432522965
225,Tropical Rainforest,19.007253258957906,6.039068972834458
226,Tropical Rainforest,19.51237239129602,7.15636837842697
227,Tropical Rainforest,11.570385268739077,6.255732108970565
228,Tropical Rainforest,23.17483351967987,7.514406266905112
229,Tropical Rainforest,16.914224526199252,5.555052174599179
230,Tropical Rainforest,20.382897684125087,6.470451251993902
231,Tropical Rainforest,18.049152443566868,5.947784678574129
232,Tropical Rainforest,23.736361336426246,6.541702046947109
233,Tropical Rainforest,13.260571230130273,6.73048586829997
234,Tropical Rainforest,14.680706725816274,6.577879668322071
235,Tropical Rainforest,51.688560453646915,7.293509187256399
236,Tropical Rainforest,15.633281896155081,6.625495618916987
237,Tropical Rainforest,16.7119669651985,6.846682552631014
238,Tropical Rainforest,46.661514996367316,6.854744450379086
239,Tropical Rainforest,67.81432862258038,7.9360021459416314
240,Tropical Rainforest,16.28023312047113,7.060669722871537
241,Tropical Rainforest,21.56588925163485,7.089990318699666
242,Tropical Rainforest,27.64775255724517,7.324300352140419
243,Tropical Rainforest,44.927234754120725,7.484571857152158
244,Tropical Rainforest,17.367489214181774,7.785533149317702
245,Tropical Rainforest,22.514347078221206,6.879662152048695
246,Tropical Rainforest,32.203274876617314,6.98370132066413
247,Tropical Rainforest,28.56459820430489,6.688778829085761
248,Tropical Rainforest,21.506288378062365,6.379685053330682
249,Tropical Rainforest,23.409969120277186,6.324300881457037
250,Tropical Rainforest,15.16191159725233,6.242381227230502
251,Tropical Rainforest,22.57039720794676,6.88935593726664
252,Tropical Rainforest,22.34861562659965,7.085938547449163
253,Tropical Rainforest,26.609264945613422,7.04871021070318
254,Tropical Rainforest,20.199047976360028,6.475548178879579
255,Tropical Rainforest,28.9346107650917,7.523331384885184
256,Tropical Rainforest,34.96860070909949,7.5562139974501505
257,Tropical Rainforest,25.904074286268422,6.927253206753645
258,Tropical Rainforest,27.7466397546993,6.72171060073581
259,Tropical Rainforest,24.993214590603596,7.259885348400025
260,Tropical Rainforest,24.53325483943363,7.0685504161929655
261,Tropical Rainforest,19.057384957456094,6.0994600321296435
262,Tropical Rainforest,27.40630212709888,7.006798167958392
263,Tropical Rainforest,23.711251695271056,7.085201752882282
264,Tropical Rainforest,51.03996269432508,6.962799274963194
265,Tropical Rainforest,42.54976005471435,7.398771274073374
266,Tropical Rainforest,28.079683097567838,6.327892507093253
267,Tropical Rainforest,18.782582480630825,7.4829309227320415
268,Tropical Rainforest,16.620817647302772,7.3656929209889865
269,Tropical Rainforest,37.22200183353087,7.097593843187868
270,Tropical Rainforest,26.895587206997135,7.211266613776517
271,Tropical Rainforest,29.02188472827425,5.8700791239298
272,Tropical Rainforest,13.321708258961992,6.0312297965055155
273,Tropical Rainforest,33.94031254605034,7.0217696310249424
274,Tropical Rainforest,28.761771254159175,6.5335897514200765
275,Tropical Rainforest,16.632344450610603,7.099330749163718
276,Tropical Rainforest,20.80027728010127,7.874503950976846
277,Tropical Rainforest,26.904700779950232,6.441434683460088
278,Tropical Rainforest,24.987192145855648,6.566795572398929
279,Tropical Rainforest,22.147842439866405,7.031118632653963
280,Tropical Rainforest,23.65984023938647,7.758443909911703
281,Tropical Rainforest,22.46161646657289,6.310619867338567
282,Tropical Rainforest,25.878095550605344,7.130995396322782
283,Tropical Rainforest,41.05949820703315,8.19317906358837
284,Tropical Rainforest,9.99084871665571,5.611464059283444
285,Tropical Rainforest,22.580854639821542,6.284438529289894
286,Tropical Rainforest,26.095929582692936,6.799686754610546
287,Tropical Rainforest,27.21036308165133,6.776203376894214
288,Tropical Rainforest,21.53823863441144,7.303004777514067
289,Tropical Rainforest,13.26524392626287,6.727693461174072
290,Tropical Rainforest,27.51684656026729,6.15571447510163
291,Tropical Rainforest,44.90605203923401,7.593786040673932
292,Tropical Rainforest,14.341372017998532,6.364738896596209
293,Tropical Rainforest,33.19302637105254,7.792569010955865
294,Tropical Rainforest,21.867820483574597,6.59199177015806
295,Tropical Rainforest,24.011586362532967,6.643403114762509
296,Tropical Rainforest,16.970652373406175,7.024739813210312
297,Tropical Rainforest,21.822473639485054,7.286007430220886
298,Tropical Rainforest,38.668124648133656,7.470695336186433
299,Tropical Rainforest,30.082070646537176,6.253697204468221
300,Tropical Rainforest,44.98409855571461,7.606136479755356
301,Temperate Forest,17.081434670145086,6.325783456218407
302,Temperate Forest,26.638209675903354,5.969914719566117
303,Temperate Forest,14.904943666365247,6.460303199507866
304,Temperate Forest,28.680365268186176,6.553155839057432
305,Temperate Forest,18.498513610766047,5.291945174004134
306,Temperate Forest,15.659501735637843,5.150819581349684
307,Temperate Forest,31.495259667737816,6.576072571579471
308,Temperate Forest,26.697650962062603,6.364819724885298
309,Temperate Forest,19.788641659000515,6.229829422672784
310,Temperate Forest,40.76861711835319,6.735223157208043
311,Temperate Forest,21.02624990173877,6.433570417910715
312,Temperate Forest,24.809773936927503,6.901676498784025
313,Temperate Forest,26.953676482258537,5.925926251098981
314,Temperate Forest,19.749277789435208,5.694265322678637
315,Temperate Forest,28.930537631492463,5.980612134502388
316,Temperate Forest,20.354289552417477,6.444233371490311
317,Temperate Forest,21.24085791899243,6.949834717010361
318,Temperate Forest,39.52466565294257,6.513494766813694
319,Temperate Forest,17.043942834229828,4.934079676482612
320,Temperate Forest,10.543682698009176,5.022186212149193
321,Temperate Forest,43.11314539857657,6.368874835050534
322,Temperate Forest,59.8753429459043,6.71903665873156
323,Temperate Forest,21.28826021369881,6.124609049907073
324,Temperate Forest,12.4548074106808,6.001255040102602
325,Temperate Forest,22.0063403228622,6.194395263593755
326,Temperate Forest,22.193999677685287,6.8804323834553225
327,Temperate Forest,22.954790604091286,6.039561810214354
328,Temperate Forest,16.61513763126806,5.737283888854563
329,Temperate Forest,30.049511357483738,6.79126571129226
330,Temperate Forest,29.476035620157475,5.7715394374178235
331,Temperate Forest,14.540793337969864,6.277003525317204
332,Temperate Forest,31.33447271210979,6.63019719537679
333,Temperate Forest,50.32186848114562,6.811710148721416
334,Temperate Forest,26.054385838564713,7.253660764043211
335,Temperate Forest,21.800571679381036,6.03308625455777
336,Temperate Forest,23.343040188614772,7.418571647791342
337,Temperate Forest,30.427288945624582,6.447195844347537
338,Temperate Forest,13.386743658388578,5.390144682805753
339,Temperate Forest,25.98544948154666,6.492768283567688
340,Temperate Forest,21.39885931753044,5.794033573494281
341,Temperate Forest,46.84005694834547,6.463160905259808
342,Temperate Forest,23.081687244944032,6.57965410695304
343,Temperate Forest,43.98112936659455,7.076081270607736
344,Temperate Forest,16.671334637180788,5.859543754885907
345,Temperate Forest,30.130583178987827,7.047273808239932
346,Temperate Forest,27.43419127794162,7.071665819014853
347,Temperate Forest,18.09857965778881,6.941927134395103
348,Temperate Forest,26.104002110036255,6.725460400629921
349,Temperate Forest,37.501524777799524,7.376881823189333
350,Temperate Forest,21.90407962016829,5.406855548477708
351,Temperate Forest,13.569343213562144,5.878465656681938
352,Temperate Forest,24.382191535746216,5.983100690001075
353,Temperate Forest,17.888390317733904,6.275830896302332
354,Temperate Forest,21.762333873833754,6.057329495428141
355,Temperate Forest,23.84189388699001,6.319025316069683
356,Temperate Forest,13.504483270096463,6.975406233398325
357,Temperate Forest,13.936615443063685,5.969838897831459
358,Temperate Forest,29.04142887509372,6.736645551327013
359,Temperate Forest,20.430899910470654,6.186071114287369
360,Temperate Forest,9.997544175290692,5.877625535376576
361,Temperate Forest,32.28799252990243,6.601324622341944
362,Temperate Forest,26.986302280983736,6.70642344955646
363,Temperate Forest,19.108701583344832,6.841570352760161
364,Temperate Forest,15.473198931792236,6.946068377668331
365,Temperate Forest,32.86909201277513,6.764667592761182
366,Temperate Forest,27.72328622266014,6.7944679377508965
367,Temperate Forest,56.48136715755717,6.384712172259759
368,Temperate Forest,28.419229455711246,6.471798083286647
369,Temperate Forest,28.0979353750184,6.978524534055043
370,Temperate Forest,23.140289314204956,6.815762433547957
371,Temperate Forest,32.65087169473549,6.7113524271266325
372,Temperate Forest,30.53213759278726,7.00533429481804
373,Temperate Forest,38.01967363534586,6.949429446688902
374,Temperate Forest,20.440883295696022,6.902674995995181
375,Temperate Forest,21.06488391191869,6.466657847083887
376,Temperate Forest,20.745179162808178,6.134233788190611
377,Temperate Forest,32.3553893592878,6.767586087138528
378,Temperate Forest,41.44764456798707,5.294605105603309
379,Temperate Forest,20.89282560179306,6.508114497794671
380,Temperate Forest,21.143429499663437,4.500179972675732
381,Temperate Forest,27.38312720714261,5.62997478130623
382,Temperate Forest,22.51053619631585,6.590809773829378
383,Temperate Forest,34.23398207253148,6.874947220876118
384,Temperate Forest,11.154889793593435,5.329428982981193
385,Temperate Forest,18.368793761651855,5.877314045026998
386,Temperate Forest,18.655747640976458,6.928665177007133
387,Temperate Forest,10.890331700512148,5.653097977988916
388,Temperate Forest,17.509201530217982,7.32381530106563
389,Temperate Forest,17.80884705625341,6.212374520698368
390,Temperate Forest,22.865137506142332,6.579056545784572
391,Temperate Forest,36.21734189818812,7.481059918126089
392,Temperate Forest,22.516058642581243,6.430597745597545
393,Temperate Forest,17.10233831804046,5.68597064942851
394,Temperate Forest,24.048338539657514,6.352818949223584
395,Temperate Forest,35.417667143832844,6.6403709607612065
396,Temperate Forest,17.433862128470302,5.5171942488249215
397,Temperate Forest,17.837425222226948,6.08645587685962
398,Temperate Forest,29.829329942778056,6.175973478493486
399,Temperate Forest,22.702211882411426,6.832590429631536
400,Temperate Forest,30.772444847913288,6.584515837878987
401,Temperate Forest,24.41563297582115,6.276092268343133
402,Temperate Forest,31.361539228882478,6.526388295799336
403,Temperate Forest,17.076831471003963,6.297737934864864
404,Temperate Forest,24.42898585734762,6.726251005030766
405,Temperate Forest,22.788556338318966,5.873011643544828
406,Temperate Forest,16.029618649907935,5.624436261623011
407,Temperate Forest,14.193480198882229,6.618855169061859
408,Temperate Forest,31.187337477196145,6.369706803659576
409,Temperate Forest,21.696840833181238,5.6326829122323385
410,Temperate Forest,17.15349428789671,6.410981475973849
411,Temperate Forest,23.72044589150108,6.630484826042053
412,Temperate Forest,36.40865787512665,5.910673983090204
413,Temperate Forest,11.042392773774045,6.018825826955424
414,Temperate Forest,14.529433064288114,6.449443518082466
415,Temperate Forest,17.760728312975097,6.3987770644105675
416,Temperate Forest,40.911557531064666,7.067469730187391
417,Temperate Forest,27.082978854903594,5.782440659696857
418,Temperate Forest,32.090532025793046,6.7598672434253295
419,Temperate Forest,16.460172552020943,6.011070006230233
420,Temperate Forest,16.57942458364588,5.925655551612015
421,Temperate Forest,28.695341739186745,6.957270240181162
422,Temperate Forest,25.038033675880666,7.1734146472595555
423,Temperate Forest,29.727085104288875,7.4420329495474435
424,Temperate Forest,22.97289753754733,7.035484578975607
425,Temperate Forest,27.040893770171838,6.428701898590069
426,Temperate Forest,25.928472253717683,6.632748304691502
427,Temperate Forest,32.20811972645048,6.98012514124917
428,Temperate Forest,32.539440215605,6.663924569169024
429,Temperate Forest,13.91607715988596,6.119126666164972
430,Temperate Forest,11.172506746015983,6.323540986650739
431,Temperate Forest,34.834591063743574,6.617794415854906
432,Temperate Forest,37.17750160089948,6.324909210703218
433,Temperate Forest,17.16344691687996,5.982213891752565
434,Temperate Forest,12.795040152017672,6.316357674946567
435,Temperate Forest,25.39779063462601,6.444504653316212
436,Temperate Forest,33.98072252370448,6.801483097618202
437,Temperate Forest,46.0237737139421,7.162703259284334
438,Temperate Forest,29.39145983181409,6.350080549867235
439,Temperate Forest,21.5397304171011,6.714525756153008
440,Temperate Forest,17.946664616743522,6.407743639858915
441,Temperate Forest,24.631052707520894,5.8057673084947785
442,Temperate Forest,22.092923500275898,7.073961539687729
443,Temperate Forest,17.196850094281444,5.940336063207157
444,Temperate Forest,50.252710098942345,6.056993886232494
445,Temperate Forest,45.82404442121443,6.302327765632479
446,Temperate Forest,36.51112611635761,6.167327464878826
447,Temperate Forest,17.77338939272621,6.23813158019079
448,Temperate Forest,33.09084849044701,6.477282916757862
449,Temperate Forest,30.68792464949044,6.3970143315259484
450,Temperate Forest,28.64248108695605,6.83065040659957
451,Temperate Forest,37.99227476743889,6.873517323965348
452,Temperate Forest,30.642253812043005,6.722490603485696
453,Temperate Forest,31.785333817935186,6.793078359477306
454,Temperate Forest,30.658722293708244,6.872881649904455
455,Temperate Forest,27.640359153764443,5.443779505120888
456,Temperate Forest,13.140986739929982,5.83444510072517
457,Temperate Forest,25.261143297801034,5.349412380907148
458,Temperate Forest,20.192935477533773,6.312655391513872
459,Temperate Forest,15.674820965984795,6.12843147473871
460,Temperate Forest,44.19606759802639,7.324210725234106
461,Temperate Forest,44.93191613587849,7.405945871948177
462,Temperate Forest,39.47735475247016,6.8297770553946755
463,Temperate Forest,26.824742679277644,6.228195655488445
464,Temperate Forest,39.35876884433478,6.969023556299008
465,Temperate Forest,24.636242059394775,6.159351336985014
466,Temperate Forest,26.33711199311698,6.465809715567275
467,Temperate Forest,16.731363639902277,6.666021354152044
468,Temperate Forest,28.189426380171458,6.231597524974131
469,Temperate Forest,25.056545102721064,6.837094903663008
470,Temperate Forest,15.550172924467402,6.46428283276533
471,Temperate Forest,24.09684721210227,5.931590593290263
472,Temperate Forest,23.857405031613233,6.889472110226859
473,Temperate Forest,46.023236411317875,7.17693925712078
474,Temperate Forest,33.54791330730037,6.674046982808243
475,Temperate Forest,24.631002253257307,6.0420107975622965
476,Temperate Forest,26.764477942659934,6.047317929450312
477,Temperate Forest,24.91510714975668,6.161761635284526
478,Temperate Forest,22.85066238497428,6.645925948267982
479,Temperate Forest,16.796163225868924,5.697641674107948
480,Temperate Forest,23.269228973502774,6.605129527633985
481,Temperate Forest,18.894400534838887,5.630741505782216
482,Temperate Forest,15.837642787261862,6.035399991485932
483,Temperate Forest,29.339291810682404,6.591175703143598
484,Temperate Forest,28.1329821764632,7.731751415242644
485,Temperate Forest,13.126753125456586,5.327305192871586
486,Temperate Forest,23.501409001813368,7.128804728432731
487,Temperate Forest,34.760979712858486,6.720988219670197
488,Temperate Forest,35.54246961423201,6.866038236282567
489,Temperate Forest,35.129558374134504,6.712065441419749
490,Temperate Forest,24.86893968021066,6.651756283145539
491,Temperate Forest,18.25126030059156,6.152369175892672
492,Temperate Forest,16.78868941259183,6.90219137536379
493,Temperate Forest,27.677276032116772,6.270384207922913
494,Temperate Forest,28.01522218814191,7.072589591904416
495,Temperate Forest,38.49644460324626,6.389925885997485
496,Temperate Forest,36.05310093404999,6.639555932992631
497,Temperate Forest,23.423035710810723,5.854654831612722
498,Temperate Forest,15.871545938036235,6.366329736779159
499,Temperate Forest,21.940027122225054,7.070878729771332
500,Temperate Forest,26.470500339204193,6.431096654733589
501,Temperate Forest,22.857307381968003,6.276373996418382
502,Temperate Forest,20.04013599102279,5.73240228041592
503,Temperate Forest,26.80288913468539,6.363202532501167
504,Temperate Forest,20.565497449179816,5.510057252999741
505,Temperate Forest,19.691299150564962,5.821909828878646
506,Temperate Forest,27.357986357634438,6.604505189110578
507,Temperate Forest,21.312688444062207,6.989052000177841
508,Temperate Forest,26.720646297120826,7.880465875653403
509,Temperate Forest,26.994183260489734,6.1891578021721205
510,Temperate Forest,16.46438971615664,6.880195714360331
511,Temperate Forest,20.729661693294485,6.433475025602249
512,Temperate Forest,40.577832865645014,6.670555567338367
513,Temperate Forest,16.334381331594553,6.373713429694679
514,Temperate Forest,11.695111603861202,5.972201517738906
515,Temperate Forest,12.786043140299993,6.054145221884899
516,Temperate Forest,24.78375705918624,6.2230062474529575
517,Temperate Forest,24.799439381021266,5.728527287036105
518,Temperate Forest,23.543180439856,5.622133852018215
519,Temperate Forest,37.5234638557126,7.0221683214610815
520,Temperate Forest,9.626386756702592,5.6769407769801
521,Temperate Forest,28.178995389079066,6.212199282651765
522,Temperate Forest,42.37266117348216,6.778436518914444
523,Temperate Forest,16.53165011447683,6.562649620697007
524,Temperate Forest,21.478828324439135,6.424751627250417
525,Temperate Forest,18.84952715511257,5.922053310324868
526,Temperate Forest,17.939031754855005,6.8311935710663505
527,Temperate Forest,21.88514942251591,7.136288089940948
528,Temperate Forest,40.43193121082214,6.991127071111582
529,Temperate Forest,46.66924285347905,7.3235067201616015
530,Temperate Forest,21.81114922147534,6.965483834748681
531,Temperate Forest,47.78783336198559,7.417049964288802
532,Temperate Forest,24.83991330555412,6.735686827139212
533,Temperate Forest,45.32196798149787,7.116894781233976
534,Temperate Forest,23.744370543119775,6.659282479215761
535,Temperate Forest,25.68405160394265,5.901591096402308
536,Temperate Forest,27.880180649956078,6.85370747835859
537,Temperate Forest,74.6341955654247,6.462556439052002
538,Temperate Forest,33.047633205628394,6.216062897506021
539,Temperate Forest,19.152962712908163,6.912196085312643
540,Temperate Forest,34.43760908727046,7.06012981901211
541,Temperate Forest,21.6143752036979,7.082339184780688
542,Temperate Forest,20.668017062673655,6.173834633048033
543,Temperate Forest,33.71728034986099,6.050217930379488
544,Temperate Forest,24.80090031955623,6.307401633803959
545,Temperate Forest,27.044984442523518,6.534682511282111
546,Temperate Forest,24.652907076004624,6.463242043654757
547,Temperate Forest,27.599677677732938,7.063643408477188
548,Temperate Forest,28.46678770651424,6.3361831084977185
549,Temperate Forest,12.454245559219677,6.157952525627124
550,Temperate Forest,30.978717424332675,6.077218987302169
551,Temperate Forest,17.39692041755302,6.423351230342121
552,Temperate Forest,14.808410591299072,6.095511976054925
553,Temperate Forest,24.03608071729664,6.032446121218559
554,Temperate Forest,25.264325747192103,6.3216842408423775
555,Temperate Forest,19.245414843224633,6.1714413959586585
556,Temperate Forest,32.814193491310846,6.4736984059872045
557,Temperate Forest,15.336547290672867,7.0023023843975
558,Temperate Forest,21.275787476151315,6.279201159083809
559,Temperate Forest,19.99123750448322,6.16618201079945
560,Temperate Forest,24.13575751948468,5.361304967210057
561,Boreal Forest,17.939902589231465,4.052309261569525
562,Boreal Forest,22.374553338583933,5.331358096883666
563,Boreal Forest,19.297037048808146,5.047474452568881
564,Boreal Forest,39.78928510917671,4.393300781360184
565,Boreal Forest,23.156413393738575,4.921303652865079
566,Boreal Forest,38.51144567075998,5.362375753980713
567,Boreal Forest,25.068112544422387,5.2499538862136035
568,Boreal Forest,24.854274324152527,5.056392929957566
569,Boreal Forest,23.781815720779484,5.091990139413929
570,Boreal Forest,24.565147941853564,5.698894206216314
571,Boreal Forest,44.77178988730715,5.866161090697995
572,Boreal Forest,10.89317281376979,3.1342513165450665
573,Boreal Forest,12.17590488544267,4.463038915330947
574,Boreal Forest,20.285172676228456,4.786936196107201
575,Boreal Forest,24.657589872612228,4.087860508653357
576,Boreal Forest,31.23491528210754,5.125654674862843
577,Boreal Forest,28.95029862920345,5.666111635047774
578,Boreal Forest,21.44548064194099,4.352949223330059
579,Boreal Forest,35.04613346763182,5.302588509721345
580,Boreal Forest,35.18318927466901,4.678368879144082
581,Boreal Forest,26.164937233403034,4.656725025971911
582,Boreal Forest,34.36127317340659,5.863515464107178
583,Boreal Forest,26.98890463770195,4.736436465519058
584,Boreal Forest,20.155575313676906,5.097260157612104
585,Boreal Forest,31.319342992449357,4.144262975870707
586,Boreal Forest,25.50092160547665,5.911375380490387
587,Boreal Forest,24.544037335851293,5.262997852207494
588,Boreal Forest,41.08050796580276,5.120172008257988
589,Boreal Forest,10.404045854946222,4.833275431972429
590,Boreal Forest,14.936539710232775,4.015936711229376
591,Boreal Forest,16.192130470219762,5.3512496836629975
592,Boreal Forest,21.603574202756498,4.73780221375704
593,Boreal Forest,22.440943844619603,4.816199457933692
594,Boreal Forest,14.475188173623033,4.459805396444423
595,Boreal Forest,17.37782014339573,4.503925539090815
596,Boreal Forest,18.15063257129998,5.162684505737141
597,Boreal Forest,57.98001790034515,5.506451676331491
598,Boreal Forest,46.09063028409555,5.593095286596423
599,Boreal Forest,21.240032017978255,4.887168137463432
600,Boreal Forest,21.601134757780276,5.156339750745108
601,Boreal Forest,16.40815719290457,4.556986322900997
602,Boreal Forest,12.580580002933841,5.752477802939319
603,Boreal Forest,23.54920200515798,4.157643079283611
604,Boreal Forest,17.300783783197108,5.42256558823887
605,Boreal Forest,23.814682778345993,5.630997825097651
606,Boreal Forest,14.012194032507024,4.263790929356844
607,Boreal Forest,18.78970173302714,5.946764944900896
608,Boreal Forest,25.842475705360574,5.4844131632305295
609,Boreal Forest,27.88735497047759,5.509163856070741
610,Boreal Forest,28.392220612815855,5.046305276728177
611,Boreal Forest,15.45339708992498,4.628728522260312
612,Boreal Forest,33.08698509614047,5.001790131457225
613,Boreal Forest,18.53991371599825,5.0209041250033275
614,Boreal Forest,30.615311820954492,5.769440871624864
615,Boreal Forest,24.441352275242608,5.050295840519736
616,Boreal Forest,15.1539977543825,4.272133148939126
617,Boreal Forest,21.962375909664047,5.319995272224767
618,Boreal Forest,27.879100154902137,5.484026174110279
619,Boreal Forest,30.402896490498605,5.392801499391289
620,Boreal Forest,23.35133686732108,5.310266376314138
621,Boreal Forest,41.935075955843715,5.085941218626323
622,Boreal Forest,34.90495407981262,4.667936183139754
623,Boreal Forest,22.424880056064737,4.483790278731653
624,Boreal Forest,31.89797838424368,4.2710171838789295
625,Boreal Forest,48.2708432911912,5.408106233521934
626,Boreal Forest,48.723897116281194,5.252437334972169
627,Boreal Forest,15.961826721591663,4.533044246734714
628,Boreal Forest,17.73807414749136,3.3263911726220945
629,Boreal Forest,41.25290668367152,4.589793833535249
630,Boreal Forest,16.938711643125558,5.342261722782377
631,Boreal Forest,15.44230163865523,4.404680327294258
632,Boreal Forest,20.693756869124133,5.059227170423795
633,Boreal Forest,28.41960853558811,4.337418982094497
634,Boreal Forest,23.668881125667777,5.663419046954327
635,Boreal Forest,19.53685599815952,4.779022049967888
636,Boreal Forest,19.375814990807513,4.992042589422316
637,Boreal Forest,19.11898895792579,6.00344208993965
638,Boreal Forest,18.032426870673163,5.5704010777033535
639,Boreal Forest,54.52021264031583,5.1953815868413615
640,Boreal Forest,27.224815036589742,4.715325305589958
641,Boreal Forest,33.460501016491506,4.949165262691426
642,Boreal Forest,20.67288392381233,5.133391119281057
643,Boreal Forest,22.9866856375143,4.87727312073594
644,Boreal Forest,19.11084751419795,4.642723596258391
645,Boreal Forest,9.697829356415784,5.2450085164622235
646,Boreal Forest,15.145398449352486,4.670474779699235
647,Boreal Forest,13.01735493316276,5.803955326240416
648,Boreal Forest,11.162675604409857,4.625000536575762
649,Boreal Forest,16.145225301582713,5.651236845025553
650,Boreal Forest,39.006741407084256,5.364964643476687
651,Boreal Forest,24.1539358337836,5.4353831831844905
652,Boreal Forest,38.54002519846962,4.818162690196335
653,Boreal Forest,28.32780700498781,4.604313246867913
654,Boreal Forest,32.2621781494721,5.324106731478115
655,Boreal Forest,17.897947682123608,5.302827958896679
656,Boreal Forest,29.470295798293986,5.0704931824384465
657,Boreal Forest,31.65987106406264,4.441919020704242
658,Boreal Forest,20.0488831251195,4.183451174287714
659,Boreal Forest,29.839682336392997,4.34283667635388
660,Boreal Forest,29.909187740952078,4.1737219615428085
661,Boreal Forest,20.239913741052387,4.9229213241478815
662,Boreal Forest,16.560677313678397,5.333419084573575
663,Boreal Forest,16.208812629995904,4.753775727646068
664,Boreal Forest,25.286658880394143,3.845917878803615
665,Boreal Forest,27.50735584221667,4.921561463626546
666,Boreal Forest,18.58985421047423,4.745543711155733
667,Boreal Forest,24.7618675104225,6.013955463972745
668,Boreal Forest,29.954751587587413,4.329702185531746
669,Boreal Forest,30.458550219704588,4.871019735045264
670,Boreal Forest,42.23114753547809,6.077743041000339
671,Boreal Forest,38.35723976181925,5.4031522023116345
672,Boreal Forest,17.279969503579622,5.073169747846156
673,Boreal Forest,44.22344920204985,5.3044610044675835
674,Boreal Forest,20.371935102716733,5.036303001022931
675,Boreal Forest,35.36439363234977,5.527576313344031
676,Boreal Forest,25.123290370726824,4.568239218393986
677,Boreal Forest,21.23705891321654,5.330526893574268
678,Boreal Forest,13.030673771904052,3.9681551388166385
679,Boreal Forest,23.102767635793317,5.096511695683285
680,Boreal Forest,14.213836159553953,4.786168895634389
681,Boreal Forest,34.41714125415632,4.817459848241375
682,Boreal Forest,41.71569471257336,5.2075193045077395
683,Boreal Forest,18.561344282443383,4.514928919682344
684,Boreal Forest,27.267343023117242,4.476841593705189
685,Boreal Forest,19.031832410589857,4.661529326930088
686,Boreal Forest,19.688414069836224,4.3027886118133996
687,Boreal Forest,32.17124838435126,5.254283908909899
688,Boreal Forest,24.203847505471256,4.379861094049268
689,Boreal Forest,45.09975502500701,5.612671655224783
690,Boreal Forest,20.722470283343622,4.288864136954471
691,Boreal Forest,34.8052318628224,4.847896009761402
692,Boreal Forest,25.383381659747233,4.66567474843222
693,Boreal Forest,32.411791877122845,5.759070570699185
694,Boreal Forest,20.97843111061828,5.050701256853497
695,Boreal Forest,24.110668209805386,4.847166617466648
696,Boreal Forest,23.560589795746697,5.1912024322306305
697,Boreal Forest,18.308766883487415,3.7659592606251797
698,Boreal Forest,30.930060326136065,5.05224053414922
699,Boreal Forest,30.802231909628592,6.070556297382598
700,Boreal Forest,30.197047153219714,5.128350764843531
701,Boreal Forest,42.01127265718871,5.256242123532627
702,Boreal Forest,40.742455458885125,5.48147943100577
703,Boreal Forest,21.515408622402408,5.3456143026307235
704,Boreal Forest,27.95422389536366,4.026022297053993
705,Boreal Forest,19.72209850866763,4.014448568258845
706,Boreal Forest,24.733889818195966,5.0705535608210255
707,Boreal Forest,19.887426399372288,4.50222136650028
708,Boreal Forest,43.251183977158824,5.89240201555583
709,Boreal Forest,27.862852571743748,4.865580935303615
710,Boreal Forest,22.730094722903655,3.9571767447486437
711,Boreal Forest,37.254267430248845,4.530008509074188
712,Boreal Forest,11.476306510293943,3.218227055788873
713,Boreal Forest,12.122510447172315,4.502564377683894
714,Boreal Forest,32.41247985441032,5.002315434885946
715,Boreal Forest,25.057268793614693,4.759475098998778
716,Boreal Forest,26.78002316011028,5.543387467790369
717,Boreal Forest,15.421480324796542,5.335599011455948
718,Boreal Forest,24.333845524294667,4.872306993241921
719,Boreal Forest,49.46316710172063,4.23411671325456
720,Boreal Forest,32.73581920478728,5.409961480775013
721,Boreal Forest,26.033841577232327,5.267925568623397
722,Boreal Forest,21.03801693867236,5.041627371127096
723,Boreal Forest,21.368107396651,5.3852204237696615
724,Boreal Forest,11.64388021758432,4.017680061773727
725,Boreal Forest,26.847538675789238,6.009546568956553
726,Boreal Forest,32.980586087418345,4.625218874380977
727,Boreal Forest,14.133293221866408,5.068654420264357
728,Boreal Forest,19.462783191799033,4.005520103841977
729,Boreal Forest,16.360786076699334,4.299876423501518
730,Boreal Forest,17.49870856318466,5.555797019032331
731,Boreal Forest,24.99606892208649,4.840070795961333
732,Boreal Forest,11.827877507072554,5.027657779882379
733,Boreal Forest,30.416786801497715,5.184170913325871
734,Boreal Forest,31.93968480773134,5.036903308227202
735,Boreal Forest,22.468494739952533,5.600754316715082
736,Boreal Forest,10.295964491335711,4.422109176896802
737,Boreal Forest,17.309465331975737,3.901971130397201
738,Boreal Forest,37.770020403796835,4.769062273940388
739,Boreal Forest,9.27851954001032,4.765581532876404
740,Boreal Forest,21.722895700686717,5.100219950151746
741,Boreal Forest,16.232245511066814,3.977654990755125
742,Boreal Forest,32.511686377712834,4.73581810274755
743,Boreal Forest,19.369702466124394,4.556008722964888
744,Boreal Forest,28.258206394751266,4.847265231774215
745,Boreal Forest,29.90157476421315,4.369452785589321
746,Boreal Forest,46.65028534082966,4.958887987236371
747,Boreal Forest,22.85043877844513,4.562697344086384
748,Boreal Forest,27.98351339302003,5.411030059948187
749,Boreal Forest,14.588456748078771,5.1139733711351365
750,Boreal Forest,37.21250077442622,5.090566310491689
751,Boreal Forest,18.79934263826838,4.636356973125213
752,Boreal Forest,20.160717695995697,4.9362397657690265
753,Boreal Forest,24.342243867907285,4.549380972829198
754,Boreal Forest,14.196429355239967,4.122788193016326
755,Boreal Forest,26.577620049363716,4.530158623516752
756,Boreal Forest,34.41915344157391,4.808228158525389
757,Boreal Forest,27.181234801886667,4.429421684916417
758,Boreal Forest,14.067762786338857,4.7728192619133925
759,Boreal Forest,23.492159965192172,5.305290172606773
760,Boreal Forest,31.807754620314366,4.293826195053903
761,Boreal Forest,12.714002331718767,4.655291632821115
762,Boreal Forest,16.84126113334784,4.669075805740831
763,Boreal Forest,33.3410797035727,5.280958428158498
764,Boreal Forest,26.964829397834613,5.000813255264542
765,Boreal Forest,28.337614424525945,4.3045610641108825
766,Boreal Forest,47.031763033072814,4.645827911657097
767,Boreal Forest,28.904389589000026,5.055674991870244
768,Boreal Forest,30.88469654103915,5.587486098064965
769,Boreal Forest,63.355450092975765,4.314396217346696
770,Boreal Forest,22.763728288866083,5.0980223621349685
771,Boreal Forest,18.555032252718057,5.42084507703262
772,Boreal Forest,28.495003023306378,4.957533424929857
773,Boreal Forest,28.60686889908892,5.311047472703929
774,Boreal Forest,20.402340258385856,4.520519852586189
775,Boreal Forest,17.092863601509546,4.726551124500191
776,Boreal Forest,55.06121397720253,4.542995472036023
777,Boreal Forest,27.505753875853358,3.8447417998024265
778,Boreal Forest,18.98596679445801,5.308549628658642
779,Boreal Forest,33.80388057458751,4.624391011284367
780,Boreal Forest,23.613042246649027,4.71515709213763
781,Boreal Forest,22.454510200019556,4.225306134268546
782,Boreal Forest,29.86823392699103,4.35188376377911
783,Boreal Forest,15.608899090367537,4.655277650251331
784,Boreal Forest,27.75509762085941,4.65650066228369
785,Boreal Forest,47.92005888887242,5.475080856063788
786,Boreal Forest,28.880371622850205,5.2668293281643095
787,Boreal Forest,21.505866613910136,5.058021408961405
788,Boreal Forest,20.542854176848472,4.994682856972966
789,Boreal Forest,21.250512427802516,5.680688784090659
790,Boreal Forest,22.446014322555037,4.384546878534701
791,Boreal Forest,21.493868610065228,4.869858559192875
792,Boreal Forest,33.808390264981576,5.683298069179672
793,Boreal Forest,13.374859845377097,5.299568007540405
794,Boreal Forest,33.1717966912691,4.396854047193495
795,Boreal Forest,21.479730353789268,4.740829214464651
796,Boreal Forest,27.9923630565788,5.704477298421683
797,Boreal Forest,16.536238269771232,5.024220580877169
798,Boreal Forest,39.05695140585501,5.284560204699606
799,Boreal Forest,37.93872036431191,5.064000918719095
800,Boreal Forest,34.32440729332255,4.932397669966086
801,Savanna,27.136418236066493,6.261518686223242
802,Savanna,22.45849763223725,5.8098390545374095
803,Savanna,24.16964441161924,5.263897645297031
804,Savanna,25.21677750863484,6.0537979611880965
805,Savanna,19.349662259368777,5.986404176696277
806,Savanna,29.55477380410165,5.980028042400394
807,Savanna,68.03250644746247,6.516225248135866
808,Savanna,13.171490407856654,5.350722307306583
809,Savanna,27.47851381495692,6.63409011131655
810,Savanna,18.801440119127864,5.230511664487736
811,Savanna,30.026817593337547,5.651326120174042
812,Savanna,24.93556544909454,5.845655529226785
813,Savanna,32.029237928686186,6.420886507586731
814,Savanna,37.018852199097445,5.3144049740187365
815,Savanna,26.241638139363317,5.213817472203374
816,Savanna,36.460092305696335,5.0356465714079635
817,Savanna,10.7994557265879,5.384398325801271
818,Savanna,42.80514494123538,5.585876220472558
819,Savanna,27.973894980351997,5.712756141707593
820,Savanna,35.77485150072661,6.374495512423789
821,Savanna,16.007277927806488,5.269314220952232
822,Savanna,18.34267920402106,5.78256167563178
823,Savanna,25.818167297726387,5.710118127365917
824,Savanna,24.386671638555732,6.16366202373131
825,Savanna,27.087544394851232,6.124429651877058
826,Savanna,35.858488107877584,5.699157022436215
827,Savanna,13.225845261883594,5.398072827501736
828,Savanna,34.4957688711762,6.545136882592358
829,Savanna,24.603745033492807,6.029293094585184
830,Savanna,22.843722396916576,5.092248297995241
831,Savanna,14.659809003533642,5.868283416532808
832,Savanna,29.25548372640491,5.387998839559025
833,Savanna,10.538784903179401,6.0605221722673095
834,Savanna,30.782240112103963,6.471054298508407
835,Savanna,14.55250229086491,5.681272199022234
836,Savanna,24.99586145628658,5.920141794632748
837,Savanna,23.530345992274626,5.702921373452961
838,Savanna,36.94160237307106,6.40117497438712
839,Savanna,23.045503876890137,5.610301903358862
840,Savanna,19.241155557574526,5.811685606381252
841,Savanna,20.54646807641423,6.166899765458643
842,Savanna,38.30226255803673,5.8014167505884275
843,Savanna,29.597915578741173,5.628773181590362
844,Savanna,21.435094451755493,5.157637810185292
845,Savanna,22.584046569638886,5.2520428220466
846,Savanna,14.17511579153005,4.607307803300181
847,Savanna,28.105519212181562,6.272594011593234
848,Savanna,13.250887115531022,6.38792320016304
849,Savanna,31.91668018815784,6.692087794050999
850,Savanna,25.662160616371768,5.043325381368739
851,Savanna,56.567415969466936,6.664737840014402
852,Savanna,16.692383811366845,6.3247833435044125
853,Savanna,23.666682754386365,5.582292028209511
854,Savanna,46.03494101001831,6.236793219095299
855,Savanna,37.22521573930097,5.062281394839407
856,Savanna,19.227196900039882,5.826859311696303
857,Savanna,26.532982982839382,5.343415298398322
858,Savanna,24.549703450182726,5.931181579237529
859,Savanna,27.07699714463138,5.106044432892512
860,Savanna,19.210593033856874,5.964432918557534
861,Savanna,23.777454910302026,6.325587882848317
862,Savanna,14.022759225875875,5.123818716772248
863,Savanna,25.720625229534285,5.289190229545147
864,Savanna,28.717515583849075,4.841821416461631
865,Savanna,22.65551263080499,5.652854952884753
866,Savanna,13.939578780867503,5.221255055836063
867,Savanna,34.67386218618335,5.250660749962162
868,Savanna,27.870917545770553,6.129459855724802
869,Savanna,19.027679138005727,5.462620955782968
870,Savanna,22.23771771986074,5.237692307550356
871,Savanna,14.50895012529388,5.257352246961809
872,Savanna,17.13471384705254,6.1641381506322945
873,Savanna,20.323259712666964,6.026238414376961
874,Savanna,37.710828611981384,6.008527277814235
875,Savanna,19.61263130868125,6.014241755418321
876,Savanna,30.694232815246263,5.376933561031454
877,Savanna,20.319668914472853,5.7408553009922345
878,Savanna,26.756612693782632,5.953591583314991
879,Savanna,23.34800576481161,5.5681302420764425
880,Savanna,33.30041335699937,6.221097214212689
881,Savanna,20.34461040043603,5.335145614048119
882,Savanna,14.148591981058338,5.775359142176548
883,Savanna,15.124528638320587,5.834011043280202
884,Savanna,20.365511901473916,4.26736173479571
885,Savanna,15.844604151207937,6.179475547920495
886,Savanna,28.32016812677607,4.3881558084181975
887,Savanna,20.842228444774886,5.430971490922234
888,Savanna,56.32352465302741,6.81254675734714
889,Savanna,13.353785353085625,5.329186779365016
890,Savanna,26.344818454258327,5.138086853926161
891,Savanna,16.530653442824768,5.0613686400219144
892,Savanna,20.641622166558143,6.246992271002707
893,Savanna,25.777365886698654,4.898142503607296
894,Savanna,10.87123183276667,5.936283602995668
895,Savanna,26.652664873762927,5.850183264205924
896,Savanna,47.75184055297695,5.610530658673881
897,Savanna,20.932366461009323,5.449873193939832
898,Savanna,26.86791301438118,5.373660249811602
899,Savanna,35.11830809355844,6.466468801861499
900,Savanna,23.16439206854201,6.164807969132188
901,Savanna,20.018641891808134,4.856668956879788
902,Savanna,11.061739461163883,5.179793200289865
903,Savanna,30.70258189245268,5.525950150805056
904,Savanna,23.579815168556298,6.455377364660324
905,Savanna,17.211205461433714,4.955949325875257
906,Savanna,25.64398006108438,6.658082333130156
907,Savanna,19.99959203543785,5.699065013978247
908,Savanna,20.39012783597883,5.145655997919395
909,Savanna,30.33195886375005,5.612053914522764
910,Savanna,15.35691952788916,5.16587515263334
911,Savanna,35.39463836758099,5.400468968154996
912,Savanna,15.041451796844223,5.602387542782013
913,Savanna,19.454035068364682,5.0861506568146835
914,Savanna,48.08792797319552,5.1205021828212995
915,Savanna,36.400196266859496,5.863744989182337
916,Savanna,25.38507485981655,4.948814613682944
917,Savanna,17.651388071675584,5.2691663230647094
918,Savanna,20.384089960198075,5.2719046661074405
919,Savanna,25.16983767813047,5.409830595136285
920,Savanna,24.856844104906486,6.838860370043806
921,Savanna,23.764554756556738,5.841231152750386
922,Savanna,24.2692136727967,5.947566404695253
923,Savanna,22.759182984038585,4.900438374874672
924,Savanna,14.810071299159153,5.219246279840705
925,Savanna,20.47534010290582,5.83662739735189
926,Savanna,33.788429415439296,5.49931173842889
927,Savanna,15.196771376617749,6.014801522959978
928,Savanna,22.957750018998425,5.192190250776833
929,Savanna,18.413537447318305,5.5259128697669855
930,Savanna,25.50750315583952,5.559931342440621
931,Savanna,21.41257543586452,5.836387851174275
932,Savanna,41.14439804002933,5.802458884876466
933,Savanna,29.29169720335844,5.79555527715006
934,Savanna,15.500447461276654,5.45386801790804
935,Savanna,31.02923436295367,5.596319933007603
936,Savanna,18.706514839152202,5.920548986731633
937,Savanna,20.046433748317458,5.83622642938206
938,Savanna,27.380652669690328,5.848630802855851
939,Savanna,20.653574487478853,5.518636823801177
940,Savanna,33.531977497937234,6.4055497286680385
941,Savanna,18.707443232138754,5.560112930183035
942,Savanna,19.754250958525507,5.555399873859956
943,Savanna,19.49718677587348,5.753703506988285
944,Savanna,20.12628028799076,6.567568325049757
945,Savanna,36.04315766404771,5.377843851851437
946,Savanna,30.571821013172062,6.340063447014974
947,Savanna,44.63330744043762,5.222039058500249
948,Savanna,54.253932125217666,6.38738791893715
949,Savanna,17.102917086672065,6.414979363138226
950,Savanna,25.144688831057337,6.089208894210487
951,Savanna,16.253851387818287,5.68402252200165
952,Savanna,18.687183700615783,5.397193990126273
953,Savanna,19.677406933044768,5.7220731477334486
954,Savanna,16.945389552957128,5.4961859731700935
955,Savanna,16.97665991432026,5.230269247760034
956,Savanna,23.324410369751266,5.65754023443465
957,Savanna,16.024976775914165,5.689899625507961
958,Savanna,32.941868111620124,5.613651967076901
959,Savanna,17.792664433930927,5.246603460681981
960,Savanna,65.58513958251534,5.705641203938715
961,Savanna,20.947419030887293,5.9371988076632
962,Savanna,25.15876072034436,6.117851914850125
963,Savanna,15.590014067911039,5.691013963477674
964,Savanna,44.57317030492135,6.650449208716316
965,Savanna,36.300272142490954,6.095966131146858
966,Savanna,27.21914414953927,6.0856054510190765
967,Savanna,15.31172856989767,5.716940597039531
968,Savanna,26.409753883572552,5.826798750135658
969,Savanna,16.568430935981883,5.344114124021881
970,Savanna,40.92840587759053,7.22681065939919
971,Savanna,32.56435079552399,5.764782024302963
972,Savanna,25.365847013688214,5.516876352054789
973,Savanna,10.456967659131744,5.566873418668524
974,Savanna,17.388418957479733,5.76270549516096
975,Savanna,31.209308387111697,5.264382762912613
976,Savanna,37.50631399874747,6.631811386609723
977,Savanna,36.16925447374992,6.002895032026598
978,Savanna,14.052431611165359,4.961135669375895
979,Savanna,27.263349945043984,6.4849075768618505
980,Savanna,35.00287936821936,6.34433653022166
981,Savanna,13.729990832019837,4.871233785990449
982,Savanna,24.464752779446233,6.717999814894154
983,Savanna,27.000215282756297,6.21444244587434
984,Savanna,22.081328679571552,5.766480502332023
985,Savanna,12.82945052829598,6.260340130188289
986,Savanna,21.889469172610305,5.846303934684731
987,Savanna,21.877158450761872,5.7522961145253575
988,Savanna,23.293507144421984,5.471579978742998
989,Savanna,20.141553132032904,6.010628175275773
990,Savanna,21.008891363246015,5.98179102036862
991,Savanna,24.193954821156147,5.830468704795983
992,Savanna,28.641568645645457,5.523345721386309
993,Savanna,22.053043795980656,5.835820332483247
994,Savanna,21.25565282037585,5.715178238202222
995,Savanna,25.338473019499883,5.182468866348796
996,Savanna,12.52440857051019,4.715747977301055
997,Savanna,28.990329084627053,6.207744056648061
998,Savanna,24.52769570451504,4.529913915934323
999,Savanna,24.875732610992305,5.941512641522785
1000,Savanna,34.33815091594611,5.781639862033473
1001,Savanna,12.385352996625526,6.099478376996491
1002,Savanna,12.2945754595192,5.1944705666477216
1003,Savanna,26.99985095660175,6.214778255922927
1004,Savanna,24.471498178799468,5.631107010071014
1005,Savanna,26.038128123990866,5.921447461110255
1006,Savanna,20.868806324411054,6.108133259682785
1007,Savanna,30.954667204979557,5.730878507323844
1008,Savanna,34.00214446227021,6.513410941039895
1009,Savanna,29.060905080264668,5.429690256209869
1010,Savanna,22.39214078667728,5.926760998768793
1011,Savanna,11.731865824461432,5.876092651793085
1012,Savanna,32.112092507066656,6.31288582006549
1013,Savanna,37.622603744089766,7.030441277258821
1014,Savanna,30.740943919512382,5.576527820431254
1015,Savanna,18.031588751100777,4.967695384455992
1016,Savanna,31.05711838884212,5.466853030024677
1017,Savanna,33.15473021772457,6.331115697300273
1018,Savanna,42.333794300935786,6.3877435597005405
1019,Savanna,18.053896363914777,5.709095888352193
1020,Savanna,22.6631644590247,5.224773715877585
1021,Mediterranean,32.08547875870237,5.880823954267938
1022,Mediterranean,15.980245893889075,5.954414584620256
1023,Mediterranean,36.80495025149708,6.815916018597422
1024,Mediterranean,66.69322997193197,5.63092659918045
1025,Mediterranean,27.889712725014913,6.83509524166948
1026,Mediterranean,30.086839417264837,5.770757124472654
1027,Mediterranean,20.645535157304824,6.3105574600430305
1028,Mediterranean,13.019201909387665,6.001701375137307
1029,Mediterranean,19.866764759295233,6.664653390663354
1030,Mediterranean,16.73473778053857,6.298771697071346
1031,Mediterranean,14.78404262758793,4.763108774314256
1032,Mediterranean,44.82768779687098,6.199803371854161
1033,Mediterranean,26.990956927956603,6.368393106179477
1034,Mediterranean,28.019218597710864,6.223386923782899
1035,Mediterranean,22.01760085103382,6.420513420630184
1036,Mediterranean,23.092205148994843,6.603903659006797
1037,Mediterranean,34.38404809924776,6.7432870345575235
1038,Mediterranean,24.256436587593345,6.130480851251194
1039,Mediterranean,29.53992913969318,5.428222477356935
1040,Mediterranean,22.9059910844991,5.976805187858556
1041,Mediterranean,21.763766247627263,6.383197387168456
1042,Mediterranean,14.99294927166887,5.414631532624246
1043,Mediterranean,12.277739527033571,6.160142928103033
1044,Mediterranean,22.386393351436492,6.645495122538926
1045,Mediterranean,25.02246051669297,6.319002612597248
1046,Mediterranean,15.640355845871712,4.452372283778342
1047,Mediterranean,24.23829443753695,5.598142163068708
1048,Mediterranean,24.998439353176277,7.198109192828966
1049,Mediterranean,11.5351304183714,5.535215573162253
1050,Mediterranean,17.809043127899265,5.067160304256302
1051,Mediterranean,28.29096123963368,6.94407295433236
1052,Mediterranean,28.091598764597297,6.329044163410389
1053,Mediterranean,16.382501430660344,6.563497896889488
1054,Mediterranean,25.931457776940352,6.4146499495774885
1055,Mediterranean,35.08741534056686,6.680031906282409
1056,Mediterranean,32.20029247703405,6.582681842089049
1057,Mediterranean,23.72786212054104,6.573642332100782
1058,Mediterranean,20.82612671053432,7.288303180539815
1059,Mediterranean,19.68249044230705,6.602483178553863
1060,Mediterranean,28.896975163519066,5.548516234618326
1061,Mediterranean,26.266290593844843,6.506908495356965
1062,Mediterranean,30.578324311906737,6.942077881318728
1063,Mediterranean,25.691387900449268,6.872151113081676
1064,Mediterranean,32.67359902769723,6.196299297503915
1065,Mediterranean,25.358332811465694,6.8457394395811715
1066,Mediterranean,32.28623733237687,6.866587347237744
1067,Mediterranean,33.27438792355585,7.7063801234073495
1068,Mediterranean,18.51193537416535,5.706579782942809
1069,Mediterranean,13.028634429296366,5.625077653955031
1070,Mediterranean,42.10735799331426,6.4029894894712145
1071,Mediterranean,26.838315672305246,6.050905139127918
1072,Mediterranean,13.462794752465124,5.452693232069022
1073,Mediterranean,19.109071615205167,4.718572245635044
1074,Mediterranean,32.14175624250704,6.182776977805822
1075,Mediterranean,22.244907568779794,6.372316988474901
1076,Mediterranean,20.50725043228868,5.894068679817325
1077,Mediterranean,40.057208751373985,7.49492195466655
1078,Mediterranean,17.004015104134872,6.039213519641365
1079,Mediterranean,18.55327502690649,6.728383036860981
1080,Mediterranean,26.416406257142167,6.417578177431884
1081,Mediterranean,28.125010285153355,6.736256299136046
1082,Mediterranean,29.18690243846679,6.484070413305929
1083,Mediterranean,33.74841035440781,7.1126805053019755
1084,Mediterranean,26.298253160856436,6.312249540827389
1085,Mediterranean,29.115898891151286,6.591103753927538
1086,Mediterranean,22.404834450102808,6.374940343122037
1087,Mediterranean,25.076832354488985,6.112679565706285
1088,Mediterranean,25.473455851907413,6.468373517483574
1089,Mediterranean,26.45074561570489,7.404811115883567
1090,Mediterranean,32.14924390423734,6.26506272543093
1091,Mediterranean,29.79381997695157,6.566064435570243
1092,Mediterranean,24.915147479339947,6.88197722184959
1093,Mediterranean,18.482159311918704,6.650777891968984
1094,Mediterranean,25.12051744522473,6.263685397220831
1095,Mediterranean,24.293134396111586,5.046796786308527
1096,Mediterranean,26.248623588383055,6.54154068569344
1097,Mediterranean,53.10567824682119,5.580291999675174
1098,Mediterranean,20.423363752708347,6.873281683407389
1099,Mediterranean,28.44012945231591,6.4142223488739
1100,Mediterranean,35.65757916401907,6.959895729745032
1101,Mediterranean,25.38861055041973,5.812900587446432
1102,Mediterranean,55.60348013813746,5.9403114141036495
1103,Mediterranean,21.49211766961118,6.298138877990649
1104,Mediterranean,27.479251467577104,6.292840290348637
1105,Mediterranean,18.549039139227325,5.836966267191867
1106,Mediterranean,21.692494880881675,6.215450168640011
1107,Mediterranean,26.76585126883479,7.678173192348533
1108,Mediterranean,32.9900638874143,6.8324296408211085
1109,Mediterranean,27.431258708157138,6.833382088568676
1110,Mediterranean,38.118136682042966,6.920552703333688
1111,Mediterranean,23.730523746929055,6.964694007291653
1112,Mediterranean,21.839953342813264,6.0819950337398625
1113,Mediterranean,63.20571899890421,5.763171038199103
1114,Mediterranean,28.162271083354398,6.229523957937931
1115,Mediterranean,19.071240339694068,6.504633713474745
1116,Mediterranean,19.240312421187383,5.618961462136104
1117,Mediterranean,17.63811225649179,5.965480802482293
1118,Mediterranean,34.04895270465224,6.087522059776247
1119,Mediterranean,21.595132616915375,6.921537015599446
1120,Mediterranean,25.65085402745302,6.644617603745068
1121,Mediterranean,23.9932361596623,6.557089742615107
1122,Mediterranean,31.69067085513488,6.7027673339294855
1123,Mediterranean,18.240411915733098,6.054425069021735
1124,Mediterranean,16.83650927888366,6.125588127386901
1125,Mediterranean,26.536046593775566,5.696884595002026
1126,Mediterranean,30.27540751047343,5.2723686337926505
1127,Mediterranean,27.56057500236927,6.386388685469896
1128,Mediterranean,18.48003933661417,6.242580151803843
1129,Mediterranean,31.097259450261962,6.98568555924893
1130,Mediterranean,18.909201879564236,6.87950738276812
1131,Mediterranean,20.4393399823969,6.923763765711973
1132,Mediterranean,17.630251580793505,5.554394620463833
1133,Mediterranean,38.68320095825992,6.330947542777714
1134,Mediterranean,30.621351876203526,6.61231647544556
1135,Mediterranean,30.318184514386886,7.632357137787236
1136,Mediterranean,37.959659259591945,7.236228513071135
1137,Mediterranean,65.65588487599103,7.372208224126285
1138,Mediterranean,13.487601602356698,5.70487248436806
1139,Mediterranean,18.945533351361757,5.653347890484621
1140,Mediterranean,19.773422154106267,6.5140951157559694
1141,Mediterranean,18.2144116960669,5.521895513878992
1142,Mediterranean,16.82466329823715,5.907185452169122
1143,Mediterranean,22.089920700324832,6.126212352153141
1144,Mediterranean,16.02562012889108,6.794767565633817
1145,Mediterranean,27.584798131328082,6.134506679863766
1146,Mediterranean,24.980472321373806,5.034974690115765
1147,Mediterranean,29.030878305216746,6.593577358996672
1148,Mediterranean,29.30344125414577,5.997239380771696
1149,Mediterranean,30.297112129004795,6.387318891144316
1150,Mediterranean,21.526976554942674,6.125344999331564
1151,Mediterranean,51.54216398828045,6.5359238618152276
1152,Mediterranean,26.630332635886713,6.686694932550224
1153,Mediterranean,12.783181179797838,5.101364782488872
1154,Mediterranean,17.273412834308804,5.783093825282696
1155,Mediterranean,13.340759245731586,6.234465244377017
1156,Mediterranean,24.681824441802824,5.94061319093867
1157,Mediterranean,23.508643724402948,5.415135992950506
1158,Mediterranean,20.82285133908737,6.483774819971026
1159,Mediterranean,49.591732647300994,7.212051376291859
1160,Mediterranean,29.72962448027143,6.332589056066776
1161,Mediterranean,31.630897962783468,5.410453893820533
1162,Mediterranean,17.70990839394291,6.408993981791083
1163,Mediterranean,17.292956641148766,5.212309861399228
1164,Mediterranean,24.85060068497111,6.405989729434138
1165,Mediterranean,26.063933459177466,5.8353806799474475
1166,Mediterranean,12.810830570977611,5.2891250050652525
1167,Mediterranean,23.032183996307246,5.986762779280638
1168,Mediterranean,24.653656569124774,6.155347532022529
1169,Mediterranean,22.753017909919855,5.878573050486024
1170,Mediterranean,18.45459434873341,6.374141170375697
1171,Mediterranean,20.311001525726883,5.912093242567443
1172,Mediterranean,23.059994636443136,6.698509932487458
1173,Mediterranean,25.32469504144724,6.403087440879119
1174,Mediterranean,30.316043289548354,6.017585418931198
1175,Mediterranean,35.81259587942499,6.029593282756829
1176,Mediterranean,22.130976899567763,5.360925236475863
1177,Mediterranean,20.912463717820224,6.2973430567433715
1178,Mediterranean,28.593501900576648,6.155296806111796
1179,Mediterranean,30.38034097415759,5.1814894658506825
1180,Mediterranean,21.07378494476392,5.888555670436965
1181,Mediterranean,32.3507665743993,5.953351903732958
1182,Mediterranean,34.56545833519324,7.229938041984315
1183,Mediterranean,38.55517232949945,5.653776754511113
1184,Mediterranean,45.714352942379904,5.882825724590342
1185,Mediterranean,18.115254103100018,6.624059352503238
1186,Mediterranean,24.65215629827714,6.92534275404069
1187,Mediterranean,24.629556212877166,5.873940174404991
1188,Mediterranean,23.704721578339495,5.908291932897972
1189,Mediterranean,19.54575208440463,6.421072756150639
1190,Mediterranean,14.585870685576355,4.780412755716653
1191,Mediterranean,25.341359051486265,5.332283793946583
1192,Mediterranean,18.747783257457886,5.948523081308014
1193,Mediterranean,25.28212737579755,7.036474874684321
1194,Mediterranean,18.579981922034992,5.865833942831166
1195,Mediterranean,16.695172052191758,6.072411270207468
1196,Mediterranean,26.629095295898892,6.858392451683864
1197,Mediterranean,25.86323686701781,7.328092080933761
1198,Mediterranean,30.046575366040578,6.072785014350064
1199,Mediterranean,52.72302769383352,6.677435653815483
1200,Mediterranean,27.03281060754077,7.21121272639291
1201,Mediterranean,29.07209032157152,5.581074414968585
1202,Mediterranean,16.82479237010812,6.540198592093193
1203,Mediterranean,15.636100819401117,5.474947359416577
1204,Mediterranean,42.6910931170929,6.615234010249556
1205,Mediterranean,17.75704035543236,5.936234058465616
1206,Mediterranean,17.02392274231375,5.554195353868684
1207,Mediterranean,24.19909843155423,5.744700989557313
1208,Mediterranean,23.77019904952536,6.364134585095888
1209,Mediterranean,17.887868090298753,6.559551351931566
1210,Mediterranean,22.048826344080418,6.117658172197552
1211,Mediterranean,37.72343431384464,6.5276313990977135
1212,Mediterranean,18.50243299922701,6.366871249305742
1213,Mediterranean,15.06259668982614,5.476721541845192
1214,Mediterranean,34.120820414735505,6.804470519150718
1215,Mediterranean,29.14559886830957,6.753303577910188
1216,Mediterranean,19.74338468881515,7.420576617504402
1217,Mediterranean,14.100941163707102,5.7363894167045375
1218,Mediterranean,18.904156627130146,5.864644508475577
1219,Mediterranean,24.06728494419653,6.6175814556120995
1220,Mediterranean,36.891649752182325,6.889254201836423
